{
    "Version": "1.2",
    "Data": {
        "Source": "c:\\users\\robot\\desktop\\hacking\\coding\\internel\\esp.h",
        "ProvidedModule": "",
        "Includes": [
            "c:\\program files (x86)\\windows kits\\10\\include\\10.0.22621.0\\um\\windows.h",
            "c:\\program files (x86)\\windows kits\\10\\include\\10.0.22621.0\\shared\\winapifamily.h",
            "c:\\program files (x86)\\windows kits\\10\\include\\10.0.22621.0\\shared\\winpackagefamily.h",
            "c:\\program files (x86)\\windows kits\\10\\include\\10.0.22621.0\\shared\\sdkddkver.h",
            "c:\\program files\\microsoft visual studio\\2022\\community\\vc\\tools\\msvc\\14.39.33519\\include\\excpt.h",
            "c:\\program files\\microsoft visual studio\\2022\\community\\vc\\tools\\msvc\\14.39.33519\\include\\vcruntime.h",
            "c:\\program files\\microsoft visual studio\\2022\\community\\vc\\tools\\msvc\\14.39.33519\\include\\sal.h",
            "c:\\program files\\microsoft visual studio\\2022\\community\\vc\\tools\\msvc\\14.39.33519\\include\\concurrencysal.h",
            "c:\\program files\\microsoft visual studio\\2022\\community\\vc\\tools\\msvc\\14.39.33519\\include\\vadefs.h",
            "c:\\program files\\microsoft visual studio\\2022\\community\\vc\\tools\\msvc\\14.39.33519\\include\\stdarg.h",
            "c:\\program files (x86)\\windows kits\\10\\include\\10.0.22621.0\\shared\\windef.h",
            "c:\\program files (x86)\\windows kits\\10\\include\\10.0.22621.0\\shared\\minwindef.h",
            "c:\\program files (x86)\\windows kits\\10\\include\\10.0.22621.0\\shared\\specstrings.h",
            "c:\\program files (x86)\\windows kits\\10\\include\\10.0.22621.0\\shared\\specstrings_strict.h",
            "c:\\program files (x86)\\windows kits\\10\\include\\10.0.22621.0\\shared\\specstrings_undef.h",
            "c:\\program files (x86)\\windows kits\\10\\include\\10.0.22621.0\\shared\\driverspecs.h",
            "c:\\program files (x86)\\windows kits\\10\\include\\10.0.22621.0\\shared\\sdv_driverspecs.h",
            "c:\\program files (x86)\\windows kits\\10\\include\\10.0.22621.0\\um\\winnt.h",
            "c:\\program files (x86)\\windows kits\\10\\include\\10.0.22621.0\\ucrt\\ctype.h",
            "c:\\program files (x86)\\windows kits\\10\\include\\10.0.22621.0\\ucrt\\corecrt.h",
            "c:\\program files (x86)\\windows kits\\10\\include\\10.0.22621.0\\ucrt\\corecrt_wctype.h",
            "c:\\program files (x86)\\windows kits\\10\\include\\10.0.22621.0\\shared\\kernelspecs.h",
            "c:\\program files (x86)\\windows kits\\10\\include\\10.0.22621.0\\shared\\basetsd.h",
            "c:\\program files (x86)\\windows kits\\10\\include\\10.0.22621.0\\shared\\guiddef.h",
            "c:\\program files (x86)\\windows kits\\10\\include\\10.0.22621.0\\ucrt\\string.h",
            "c:\\program files (x86)\\windows kits\\10\\include\\10.0.22621.0\\ucrt\\corecrt_memory.h",
            "c:\\program files (x86)\\windows kits\\10\\include\\10.0.22621.0\\ucrt\\corecrt_memcpy_s.h",
            "c:\\program files (x86)\\windows kits\\10\\include\\10.0.22621.0\\ucrt\\errno.h",
            "c:\\program files\\microsoft visual studio\\2022\\community\\vc\\tools\\msvc\\14.39.33519\\include\\vcruntime_string.h",
            "c:\\program files (x86)\\windows kits\\10\\include\\10.0.22621.0\\ucrt\\corecrt_wstring.h",
            "c:\\program files (x86)\\windows kits\\10\\include\\10.0.22621.0\\shared\\pshpack4.h",
            "c:\\program files (x86)\\windows kits\\10\\include\\10.0.22621.0\\shared\\poppack.h",
            "c:\\program files (x86)\\windows kits\\10\\include\\10.0.22621.0\\shared\\pshpack4.h",
            "c:\\program files (x86)\\windows kits\\10\\include\\10.0.22621.0\\shared\\poppack.h",
            "c:\\program files (x86)\\windows kits\\10\\include\\10.0.22621.0\\shared\\pshpack4.h",
            "c:\\program files (x86)\\windows kits\\10\\include\\10.0.22621.0\\shared\\pshpack2.h",
            "c:\\program files (x86)\\windows kits\\10\\include\\10.0.22621.0\\shared\\poppack.h",
            "c:\\program files (x86)\\windows kits\\10\\include\\10.0.22621.0\\shared\\pshpack2.h",
            "c:\\program files (x86)\\windows kits\\10\\include\\10.0.22621.0\\shared\\pshpack2.h",
            "c:\\program files (x86)\\windows kits\\10\\include\\10.0.22621.0\\shared\\poppack.h",
            "c:\\program files (x86)\\windows kits\\10\\include\\10.0.22621.0\\shared\\poppack.h",
            "c:\\program files (x86)\\windows kits\\10\\include\\10.0.22621.0\\shared\\pshpack8.h",
            "c:\\program files (x86)\\windows kits\\10\\include\\10.0.22621.0\\shared\\poppack.h",
            "c:\\program files (x86)\\windows kits\\10\\include\\10.0.22621.0\\shared\\pshpack1.h",
            "c:\\program files (x86)\\windows kits\\10\\include\\10.0.22621.0\\shared\\poppack.h",
            "c:\\program files (x86)\\windows kits\\10\\include\\10.0.22621.0\\shared\\pshpack1.h",
            "c:\\program files (x86)\\windows kits\\10\\include\\10.0.22621.0\\shared\\poppack.h",
            "c:\\program files (x86)\\windows kits\\10\\include\\10.0.22621.0\\shared\\poppack.h",
            "c:\\program files (x86)\\windows kits\\10\\include\\10.0.22621.0\\shared\\apiset.h",
            "c:\\program files (x86)\\windows kits\\10\\include\\10.0.22621.0\\shared\\ktmtypes.h",
            "c:\\program files (x86)\\windows kits\\10\\include\\10.0.22621.0\\um\\winbase.h",
            "c:\\program files (x86)\\windows kits\\10\\include\\10.0.22621.0\\shared\\apisetcconv.h",
            "c:\\program files (x86)\\windows kits\\10\\include\\10.0.22621.0\\um\\minwinbase.h",
            "c:\\program files (x86)\\windows kits\\10\\include\\10.0.22621.0\\um\\apiquery2.h",
            "c:\\program files (x86)\\windows kits\\10\\include\\10.0.22621.0\\um\\processenv.h",
            "c:\\program files (x86)\\windows kits\\10\\include\\10.0.22621.0\\um\\fileapifromapp.h",
            "c:\\program files (x86)\\windows kits\\10\\include\\10.0.22621.0\\um\\fileapi.h",
            "c:\\program files (x86)\\windows kits\\10\\include\\10.0.22621.0\\um\\debugapi.h",
            "c:\\program files (x86)\\windows kits\\10\\include\\10.0.22621.0\\um\\utilapiset.h",
            "c:\\program files (x86)\\windows kits\\10\\include\\10.0.22621.0\\um\\handleapi.h",
            "c:\\program files (x86)\\windows kits\\10\\include\\10.0.22621.0\\um\\errhandlingapi.h",
            "c:\\program files (x86)\\windows kits\\10\\include\\10.0.22621.0\\um\\fibersapi.h",
            "c:\\program files (x86)\\windows kits\\10\\include\\10.0.22621.0\\um\\namedpipeapi.h",
            "c:\\program files (x86)\\windows kits\\10\\include\\10.0.22621.0\\um\\profileapi.h",
            "c:\\program files (x86)\\windows kits\\10\\include\\10.0.22621.0\\um\\heapapi.h",
            "c:\\program files (x86)\\windows kits\\10\\include\\10.0.22621.0\\um\\ioapiset.h",
            "c:\\program files (x86)\\windows kits\\10\\include\\10.0.22621.0\\um\\synchapi.h",
            "c:\\program files (x86)\\windows kits\\10\\include\\10.0.22621.0\\um\\interlockedapi.h",
            "c:\\program files (x86)\\windows kits\\10\\include\\10.0.22621.0\\um\\processthreadsapi.h",
            "c:\\program files (x86)\\windows kits\\10\\include\\10.0.22621.0\\um\\sysinfoapi.h",
            "c:\\program files (x86)\\windows kits\\10\\include\\10.0.22621.0\\um\\memoryapi.h",
            "c:\\program files (x86)\\windows kits\\10\\include\\10.0.22621.0\\um\\enclaveapi.h",
            "c:\\program files (x86)\\windows kits\\10\\include\\10.0.22621.0\\um\\threadpoollegacyapiset.h",
            "c:\\program files (x86)\\windows kits\\10\\include\\10.0.22621.0\\um\\threadpoolapiset.h",
            "c:\\program files (x86)\\windows kits\\10\\include\\10.0.22621.0\\um\\jobapi.h",
            "c:\\program files (x86)\\windows kits\\10\\include\\10.0.22621.0\\um\\jobapi2.h",
            "c:\\program files (x86)\\windows kits\\10\\include\\10.0.22621.0\\um\\wow64apiset.h",
            "c:\\program files (x86)\\windows kits\\10\\include\\10.0.22621.0\\um\\libloaderapi.h",
            "c:\\program files (x86)\\windows kits\\10\\include\\10.0.22621.0\\um\\securitybaseapi.h",
            "c:\\program files (x86)\\windows kits\\10\\include\\10.0.22621.0\\um\\namespaceapi.h",
            "c:\\program files (x86)\\windows kits\\10\\include\\10.0.22621.0\\um\\systemtopologyapi.h",
            "c:\\program files (x86)\\windows kits\\10\\include\\10.0.22621.0\\um\\processtopologyapi.h",
            "c:\\program files (x86)\\windows kits\\10\\include\\10.0.22621.0\\um\\securityappcontainer.h",
            "c:\\program files (x86)\\windows kits\\10\\include\\10.0.22621.0\\um\\realtimeapiset.h",
            "c:\\program files (x86)\\windows kits\\10\\include\\10.0.22621.0\\shared\\winerror.h",
            "c:\\program files (x86)\\windows kits\\10\\include\\10.0.22621.0\\um\\timezoneapi.h",
            "c:\\program files (x86)\\windows kits\\10\\include\\10.0.22621.0\\um\\wingdi.h",
            "c:\\program files (x86)\\windows kits\\10\\include\\10.0.22621.0\\shared\\pshpack1.h",
            "c:\\program files (x86)\\windows kits\\10\\include\\10.0.22621.0\\shared\\poppack.h",
            "c:\\program files (x86)\\windows kits\\10\\include\\10.0.22621.0\\shared\\pshpack2.h",
            "c:\\program files (x86)\\windows kits\\10\\include\\10.0.22621.0\\shared\\poppack.h",
            "c:\\program files (x86)\\windows kits\\10\\include\\10.0.22621.0\\shared\\pshpack2.h",
            "c:\\program files (x86)\\windows kits\\10\\include\\10.0.22621.0\\shared\\poppack.h",
            "c:\\program files (x86)\\windows kits\\10\\include\\10.0.22621.0\\shared\\pshpack4.h",
            "c:\\program files (x86)\\windows kits\\10\\include\\10.0.22621.0\\shared\\poppack.h",
            "c:\\program files (x86)\\windows kits\\10\\include\\10.0.22621.0\\shared\\pshpack4.h",
            "c:\\program files (x86)\\windows kits\\10\\include\\10.0.22621.0\\shared\\poppack.h",
            "c:\\program files (x86)\\windows kits\\10\\include\\10.0.22621.0\\um\\winuser.h",
            "c:\\program files (x86)\\windows kits\\10\\include\\10.0.22621.0\\shared\\pshpack2.h",
            "c:\\program files (x86)\\windows kits\\10\\include\\10.0.22621.0\\shared\\poppack.h",
            "c:\\program files (x86)\\windows kits\\10\\include\\10.0.22621.0\\shared\\tvout.h",
            "c:\\program files (x86)\\windows kits\\10\\include\\10.0.22621.0\\um\\winnls.h",
            "c:\\program files (x86)\\windows kits\\10\\include\\10.0.22621.0\\um\\datetimeapi.h",
            "c:\\program files (x86)\\windows kits\\10\\include\\10.0.22621.0\\um\\stringapiset.h",
            "c:\\program files (x86)\\windows kits\\10\\include\\10.0.22621.0\\um\\winnls.h",
            "c:\\program files (x86)\\windows kits\\10\\include\\10.0.22621.0\\um\\wincon.h",
            "c:\\program files (x86)\\windows kits\\10\\include\\10.0.22621.0\\um\\wincontypes.h",
            "c:\\program files (x86)\\windows kits\\10\\include\\10.0.22621.0\\um\\consoleapi.h",
            "c:\\program files (x86)\\windows kits\\10\\include\\10.0.22621.0\\um\\consoleapi2.h",
            "c:\\program files (x86)\\windows kits\\10\\include\\10.0.22621.0\\um\\consoleapi3.h",
            "c:\\program files (x86)\\windows kits\\10\\include\\10.0.22621.0\\um\\winver.h",
            "c:\\program files (x86)\\windows kits\\10\\include\\10.0.22621.0\\um\\verrsrc.h",
            "c:\\program files (x86)\\windows kits\\10\\include\\10.0.22621.0\\um\\winreg.h",
            "c:\\program files (x86)\\windows kits\\10\\include\\10.0.22621.0\\um\\reason.h",
            "c:\\program files (x86)\\windows kits\\10\\include\\10.0.22621.0\\um\\winnetwk.h",
            "c:\\program files (x86)\\windows kits\\10\\include\\10.0.22621.0\\shared\\wnnc.h",
            "c:\\program files (x86)\\windows kits\\10\\include\\10.0.22621.0\\shared\\cderr.h",
            "c:\\program files (x86)\\windows kits\\10\\include\\10.0.22621.0\\um\\dde.h",
            "c:\\program files (x86)\\windows kits\\10\\include\\10.0.22621.0\\um\\ddeml.h",
            "c:\\program files (x86)\\windows kits\\10\\include\\10.0.22621.0\\um\\dlgs.h",
            "c:\\program files (x86)\\windows kits\\10\\include\\10.0.22621.0\\um\\lzexpand.h",
            "c:\\program files (x86)\\windows kits\\10\\include\\10.0.22621.0\\um\\mmsystem.h",
            "c:\\program files (x86)\\windows kits\\10\\include\\10.0.22621.0\\um\\mmsyscom.h",
            "c:\\program files (x86)\\windows kits\\10\\include\\10.0.22621.0\\shared\\pshpack1.h",
            "c:\\program files (x86)\\windows kits\\10\\include\\10.0.22621.0\\shared\\poppack.h",
            "c:\\program files (x86)\\windows kits\\10\\include\\10.0.22621.0\\shared\\pshpack1.h",
            "c:\\program files (x86)\\windows kits\\10\\include\\10.0.22621.0\\um\\mciapi.h",
            "c:\\program files (x86)\\windows kits\\10\\include\\10.0.22621.0\\um\\mmiscapi.h",
            "c:\\program files (x86)\\windows kits\\10\\include\\10.0.22621.0\\um\\mmiscapi2.h",
            "c:\\program files (x86)\\windows kits\\10\\include\\10.0.22621.0\\um\\playsoundapi.h",
            "c:\\program files (x86)\\windows kits\\10\\include\\10.0.22621.0\\um\\mmeapi.h",
            "c:\\program files (x86)\\windows kits\\10\\include\\10.0.22621.0\\um\\timeapi.h",
            "c:\\program files (x86)\\windows kits\\10\\include\\10.0.22621.0\\um\\joystickapi.h",
            "c:\\program files (x86)\\windows kits\\10\\include\\10.0.22621.0\\shared\\poppack.h",
            "c:\\program files (x86)\\windows kits\\10\\include\\10.0.22621.0\\um\\nb30.h",
            "c:\\program files (x86)\\windows kits\\10\\include\\10.0.22621.0\\shared\\rpc.h",
            "c:\\program files (x86)\\windows kits\\10\\include\\10.0.22621.0\\shared\\pshpack8.h",
            "c:\\program files (x86)\\windows kits\\10\\include\\10.0.22621.0\\shared\\rpcdce.h",
            "c:\\program files (x86)\\windows kits\\10\\include\\10.0.22621.0\\shared\\rpcdcep.h",
            "c:\\program files (x86)\\windows kits\\10\\include\\10.0.22621.0\\um\\rpcnsi.h",
            "c:\\program files (x86)\\windows kits\\10\\include\\10.0.22621.0\\shared\\rpcnterr.h",
            "c:\\program files (x86)\\windows kits\\10\\include\\10.0.22621.0\\shared\\rpcasync.h",
            "c:\\program files (x86)\\windows kits\\10\\include\\10.0.22621.0\\shared\\pshpack8.h",
            "c:\\program files (x86)\\windows kits\\10\\include\\10.0.22621.0\\shared\\poppack.h",
            "c:\\program files (x86)\\windows kits\\10\\include\\10.0.22621.0\\shared\\poppack.h",
            "c:\\program files (x86)\\windows kits\\10\\include\\10.0.22621.0\\um\\shellapi.h",
            "c:\\program files (x86)\\windows kits\\10\\include\\10.0.22621.0\\um\\winperf.h",
            "c:\\program files (x86)\\windows kits\\10\\include\\10.0.22621.0\\shared\\pshpack8.h",
            "c:\\program files (x86)\\windows kits\\10\\include\\10.0.22621.0\\shared\\poppack.h",
            "c:\\program files (x86)\\windows kits\\10\\include\\10.0.22621.0\\um\\winsock.h",
            "c:\\program files (x86)\\windows kits\\10\\include\\10.0.22621.0\\shared\\inaddr.h",
            "c:\\program files (x86)\\windows kits\\10\\include\\10.0.22621.0\\um\\wincrypt.h",
            "c:\\program files (x86)\\windows kits\\10\\include\\10.0.22621.0\\shared\\bcrypt.h",
            "c:\\program files (x86)\\windows kits\\10\\include\\10.0.22621.0\\um\\ncrypt.h",
            "c:\\program files (x86)\\windows kits\\10\\include\\10.0.22621.0\\um\\dpapi.h",
            "c:\\program files (x86)\\windows kits\\10\\include\\10.0.22621.0\\um\\winefs.h",
            "c:\\program files (x86)\\windows kits\\10\\include\\10.0.22621.0\\um\\winscard.h",
            "c:\\program files (x86)\\windows kits\\10\\include\\10.0.22621.0\\shared\\wtypes.h",
            "c:\\program files (x86)\\windows kits\\10\\include\\10.0.22621.0\\shared\\rpcndr.h",
            "c:\\program files (x86)\\windows kits\\10\\include\\10.0.22621.0\\shared\\pshpack8.h",
            "c:\\program files (x86)\\windows kits\\10\\include\\10.0.22621.0\\um\\rpcnsip.h",
            "c:\\program files (x86)\\windows kits\\10\\include\\10.0.22621.0\\shared\\rpcsal.h",
            "c:\\program files (x86)\\windows kits\\10\\include\\10.0.22621.0\\shared\\poppack.h",
            "c:\\program files (x86)\\windows kits\\10\\include\\10.0.22621.0\\shared\\wtypesbase.h",
            "c:\\program files (x86)\\windows kits\\10\\include\\10.0.22621.0\\shared\\guiddef.h",
            "c:\\program files (x86)\\windows kits\\10\\include\\10.0.22621.0\\um\\winioctl.h",
            "c:\\program files (x86)\\windows kits\\10\\include\\10.0.22621.0\\shared\\pshpack1.h",
            "c:\\program files (x86)\\windows kits\\10\\include\\10.0.22621.0\\shared\\poppack.h",
            "c:\\program files (x86)\\windows kits\\10\\include\\10.0.22621.0\\shared\\pshpack1.h",
            "c:\\program files (x86)\\windows kits\\10\\include\\10.0.22621.0\\shared\\poppack.h",
            "c:\\program files (x86)\\windows kits\\10\\include\\10.0.22621.0\\shared\\pshpack1.h",
            "c:\\program files (x86)\\windows kits\\10\\include\\10.0.22621.0\\shared\\poppack.h",
            "c:\\program files (x86)\\windows kits\\10\\include\\10.0.22621.0\\shared\\pshpack1.h",
            "c:\\program files (x86)\\windows kits\\10\\include\\10.0.22621.0\\shared\\poppack.h",
            "c:\\program files (x86)\\windows kits\\10\\include\\10.0.22621.0\\shared\\pshpack1.h",
            "c:\\program files (x86)\\windows kits\\10\\include\\10.0.22621.0\\shared\\poppack.h",
            "c:\\program files (x86)\\windows kits\\10\\include\\10.0.22621.0\\shared\\pshpack1.h",
            "c:\\program files (x86)\\windows kits\\10\\include\\10.0.22621.0\\shared\\poppack.h",
            "c:\\program files (x86)\\windows kits\\10\\include\\10.0.22621.0\\shared\\pshpack1.h",
            "c:\\program files (x86)\\windows kits\\10\\include\\10.0.22621.0\\shared\\poppack.h",
            "c:\\program files (x86)\\windows kits\\10\\include\\10.0.22621.0\\shared\\winsmcrd.h",
            "c:\\program files (x86)\\windows kits\\10\\include\\10.0.22621.0\\um\\winspool.h",
            "c:\\program files (x86)\\windows kits\\10\\include\\10.0.22621.0\\um\\prsht.h",
            "c:\\program files (x86)\\windows kits\\10\\include\\10.0.22621.0\\shared\\pshpack8.h",
            "c:\\program files (x86)\\windows kits\\10\\include\\10.0.22621.0\\shared\\poppack.h",
            "c:\\program files (x86)\\windows kits\\10\\include\\10.0.22621.0\\um\\ole2.h",
            "c:\\program files (x86)\\windows kits\\10\\include\\10.0.22621.0\\shared\\pshpack8.h",
            "c:\\program files (x86)\\windows kits\\10\\include\\10.0.22621.0\\um\\objbase.h",
            "c:\\program files (x86)\\windows kits\\10\\include\\10.0.22621.0\\shared\\pshpack8.h",
            "c:\\program files (x86)\\windows kits\\10\\include\\10.0.22621.0\\um\\combaseapi.h",
            "c:\\program files (x86)\\windows kits\\10\\include\\10.0.22621.0\\shared\\pshpack8.h",
            "c:\\program files (x86)\\windows kits\\10\\include\\10.0.22621.0\\ucrt\\stdlib.h",
            "c:\\program files (x86)\\windows kits\\10\\include\\10.0.22621.0\\ucrt\\corecrt_malloc.h",
            "c:\\program files (x86)\\windows kits\\10\\include\\10.0.22621.0\\ucrt\\corecrt_search.h",
            "c:\\program files (x86)\\windows kits\\10\\include\\10.0.22621.0\\ucrt\\stddef.h",
            "c:\\program files (x86)\\windows kits\\10\\include\\10.0.22621.0\\ucrt\\corecrt_wstdlib.h",
            "c:\\program files\\microsoft visual studio\\2022\\community\\vc\\tools\\msvc\\14.39.33519\\include\\limits.h",
            "c:\\program files (x86)\\windows kits\\10\\include\\10.0.22621.0\\um\\unknwnbase.h",
            "c:\\program files (x86)\\windows kits\\10\\include\\10.0.22621.0\\um\\objidlbase.h",
            "c:\\program files (x86)\\windows kits\\10\\include\\10.0.22621.0\\shared\\guiddef.h",
            "c:\\program files (x86)\\windows kits\\10\\include\\10.0.22621.0\\um\\cguid.h",
            "c:\\program files (x86)\\windows kits\\10\\include\\10.0.22621.0\\shared\\poppack.h",
            "c:\\program files (x86)\\windows kits\\10\\include\\10.0.22621.0\\um\\coml2api.h",
            "c:\\program files (x86)\\windows kits\\10\\include\\10.0.22621.0\\um\\objidl.h",
            "c:\\program files (x86)\\windows kits\\10\\include\\10.0.22621.0\\um\\unknwn.h",
            "c:\\program files (x86)\\windows kits\\10\\include\\10.0.22621.0\\um\\propidlbase.h",
            "c:\\program files (x86)\\windows kits\\10\\include\\10.0.22621.0\\um\\oaidl.h",
            "c:\\program files (x86)\\windows kits\\10\\include\\10.0.22621.0\\um\\urlmon.h",
            "c:\\program files (x86)\\windows kits\\10\\include\\10.0.22621.0\\um\\oleidl.h",
            "c:\\program files (x86)\\windows kits\\10\\include\\10.0.22621.0\\um\\servprov.h",
            "c:\\program files (x86)\\windows kits\\10\\include\\10.0.22621.0\\um\\msxml.h",
            "c:\\program files (x86)\\windows kits\\10\\include\\10.0.22621.0\\um\\propidl.h",
            "c:\\program files (x86)\\windows kits\\10\\include\\10.0.22621.0\\shared\\poppack.h",
            "c:\\program files (x86)\\windows kits\\10\\include\\10.0.22621.0\\um\\oleauto.h",
            "c:\\program files (x86)\\windows kits\\10\\include\\10.0.22621.0\\shared\\pshpack8.h",
            "c:\\program files (x86)\\windows kits\\10\\include\\10.0.22621.0\\shared\\poppack.h",
            "c:\\program files (x86)\\windows kits\\10\\include\\10.0.22621.0\\shared\\poppack.h",
            "c:\\program files (x86)\\windows kits\\10\\include\\10.0.22621.0\\um\\commdlg.h",
            "c:\\program files (x86)\\windows kits\\10\\include\\10.0.22621.0\\um\\prsht.h",
            "c:\\program files (x86)\\windows kits\\10\\include\\10.0.22621.0\\shared\\stralign.h",
            "c:\\program files (x86)\\windows kits\\10\\include\\10.0.22621.0\\um\\winsvc.h",
            "c:\\program files (x86)\\windows kits\\10\\include\\10.0.22621.0\\um\\mcx.h",
            "c:\\program files (x86)\\windows kits\\10\\include\\10.0.22621.0\\um\\imm.h",
            "c:\\program files (x86)\\windows kits\\10\\include\\10.0.22621.0\\um\\ime_cmodes.h",
            "c:\\program files\\microsoft visual studio\\2022\\community\\vc\\tools\\msvc\\14.39.33519\\include\\cstdint",
            "c:\\program files\\microsoft visual studio\\2022\\community\\vc\\tools\\msvc\\14.39.33519\\include\\yvals_core.h",
            "c:\\program files\\microsoft visual studio\\2022\\community\\vc\\tools\\msvc\\14.39.33519\\include\\xkeycheck.h",
            "c:\\program files\\microsoft visual studio\\2022\\community\\vc\\tools\\msvc\\14.39.33519\\include\\stdint.h",
            "c:\\program files\\microsoft visual studio\\2022\\community\\vc\\tools\\msvc\\14.39.33519\\include\\thread",
            "c:\\program files\\microsoft visual studio\\2022\\community\\vc\\tools\\msvc\\14.39.33519\\include\\__msvc_chrono.hpp",
            "c:\\program files\\microsoft visual studio\\2022\\community\\vc\\tools\\msvc\\14.39.33519\\include\\yvals.h",
            "c:\\program files (x86)\\windows kits\\10\\include\\10.0.22621.0\\ucrt\\crtdbg.h",
            "c:\\program files\\microsoft visual studio\\2022\\community\\vc\\tools\\msvc\\14.39.33519\\include\\vcruntime_new_debug.h",
            "c:\\program files\\microsoft visual studio\\2022\\community\\vc\\tools\\msvc\\14.39.33519\\include\\vcruntime_new.h",
            "c:\\program files\\microsoft visual studio\\2022\\community\\vc\\tools\\msvc\\14.39.33519\\include\\crtdefs.h",
            "c:\\program files\\microsoft visual studio\\2022\\community\\vc\\tools\\msvc\\14.39.33519\\include\\use_ansi.h",
            "c:\\program files\\microsoft visual studio\\2022\\community\\vc\\tools\\msvc\\14.39.33519\\include\\ctime",
            "c:\\program files (x86)\\windows kits\\10\\include\\10.0.22621.0\\ucrt\\time.h",
            "c:\\program files (x86)\\windows kits\\10\\include\\10.0.22621.0\\ucrt\\corecrt_wtime.h",
            "c:\\program files\\microsoft visual studio\\2022\\community\\vc\\tools\\msvc\\14.39.33519\\include\\limits",
            "c:\\program files\\microsoft visual studio\\2022\\community\\vc\\tools\\msvc\\14.39.33519\\include\\cfloat",
            "c:\\program files (x86)\\windows kits\\10\\include\\10.0.22621.0\\ucrt\\float.h",
            "c:\\program files\\microsoft visual studio\\2022\\community\\vc\\tools\\msvc\\14.39.33519\\include\\climits",
            "c:\\program files\\microsoft visual studio\\2022\\community\\vc\\tools\\msvc\\14.39.33519\\include\\cwchar",
            "c:\\program files\\microsoft visual studio\\2022\\community\\vc\\tools\\msvc\\14.39.33519\\include\\cstdio",
            "c:\\program files (x86)\\windows kits\\10\\include\\10.0.22621.0\\ucrt\\stdio.h",
            "c:\\program files (x86)\\windows kits\\10\\include\\10.0.22621.0\\ucrt\\corecrt_wstdio.h",
            "c:\\program files (x86)\\windows kits\\10\\include\\10.0.22621.0\\ucrt\\corecrt_stdio_config.h",
            "c:\\program files (x86)\\windows kits\\10\\include\\10.0.22621.0\\ucrt\\wchar.h",
            "c:\\program files (x86)\\windows kits\\10\\include\\10.0.22621.0\\ucrt\\corecrt_wconio.h",
            "c:\\program files (x86)\\windows kits\\10\\include\\10.0.22621.0\\ucrt\\corecrt_wdirect.h",
            "c:\\program files (x86)\\windows kits\\10\\include\\10.0.22621.0\\ucrt\\corecrt_wio.h",
            "c:\\program files (x86)\\windows kits\\10\\include\\10.0.22621.0\\ucrt\\corecrt_share.h",
            "c:\\program files (x86)\\windows kits\\10\\include\\10.0.22621.0\\ucrt\\corecrt_wprocess.h",
            "c:\\program files (x86)\\windows kits\\10\\include\\10.0.22621.0\\ucrt\\sys\\stat.h",
            "c:\\program files (x86)\\windows kits\\10\\include\\10.0.22621.0\\ucrt\\sys\\types.h",
            "c:\\program files\\microsoft visual studio\\2022\\community\\vc\\tools\\msvc\\14.39.33519\\include\\xtr1common",
            "c:\\program files\\microsoft visual studio\\2022\\community\\vc\\tools\\msvc\\14.39.33519\\include\\intrin0.h",
            "c:\\program files\\microsoft visual studio\\2022\\community\\vc\\tools\\msvc\\14.39.33519\\include\\intrin0.inl.h",
            "c:\\program files\\microsoft visual studio\\2022\\community\\vc\\tools\\msvc\\14.39.33519\\include\\ratio",
            "c:\\program files\\microsoft visual studio\\2022\\community\\vc\\tools\\msvc\\14.39.33519\\include\\type_traits",
            "c:\\program files\\microsoft visual studio\\2022\\community\\vc\\tools\\msvc\\14.39.33519\\include\\cstddef",
            "c:\\program files\\microsoft visual studio\\2022\\community\\vc\\tools\\msvc\\14.39.33519\\include\\utility",
            "c:\\program files\\microsoft visual studio\\2022\\community\\vc\\tools\\msvc\\14.39.33519\\include\\initializer_list",
            "c:\\program files\\microsoft visual studio\\2022\\community\\vc\\tools\\msvc\\14.39.33519\\include\\concepts",
            "c:\\program files\\microsoft visual studio\\2022\\community\\vc\\tools\\msvc\\14.39.33519\\include\\compare",
            "c:\\program files\\microsoft visual studio\\2022\\community\\vc\\tools\\msvc\\14.39.33519\\include\\cstdlib",
            "c:\\program files (x86)\\windows kits\\10\\include\\10.0.22621.0\\ucrt\\math.h",
            "c:\\program files (x86)\\windows kits\\10\\include\\10.0.22621.0\\ucrt\\corecrt_math.h",
            "c:\\program files\\microsoft visual studio\\2022\\community\\vc\\tools\\msvc\\14.39.33519\\include\\xtimec.h",
            "c:\\program files\\microsoft visual studio\\2022\\community\\vc\\tools\\msvc\\14.39.33519\\include\\memory",
            "c:\\program files\\microsoft visual studio\\2022\\community\\vc\\tools\\msvc\\14.39.33519\\include\\exception",
            "c:\\program files (x86)\\windows kits\\10\\include\\10.0.22621.0\\ucrt\\malloc.h",
            "c:\\program files\\microsoft visual studio\\2022\\community\\vc\\tools\\msvc\\14.39.33519\\include\\vcruntime_exception.h",
            "c:\\program files\\microsoft visual studio\\2022\\community\\vc\\tools\\msvc\\14.39.33519\\include\\eh.h",
            "c:\\program files (x86)\\windows kits\\10\\include\\10.0.22621.0\\ucrt\\corecrt_terminate.h",
            "c:\\program files\\microsoft visual studio\\2022\\community\\vc\\tools\\msvc\\14.39.33519\\include\\iosfwd",
            "c:\\program files\\microsoft visual studio\\2022\\community\\vc\\tools\\msvc\\14.39.33519\\include\\cstring",
            "c:\\program files\\microsoft visual studio\\2022\\community\\vc\\tools\\msvc\\14.39.33519\\include\\typeinfo",
            "c:\\program files\\microsoft visual studio\\2022\\community\\vc\\tools\\msvc\\14.39.33519\\include\\vcruntime_typeinfo.h",
            "c:\\program files\\microsoft visual studio\\2022\\community\\vc\\tools\\msvc\\14.39.33519\\include\\xmemory",
            "c:\\program files\\microsoft visual studio\\2022\\community\\vc\\tools\\msvc\\14.39.33519\\include\\new",
            "c:\\program files\\microsoft visual studio\\2022\\community\\vc\\tools\\msvc\\14.39.33519\\include\\xatomic.h",
            "c:\\program files\\microsoft visual studio\\2022\\community\\vc\\tools\\msvc\\14.39.33519\\include\\xutility",
            "c:\\program files\\microsoft visual studio\\2022\\community\\vc\\tools\\msvc\\14.39.33519\\include\\__msvc_iter_core.hpp",
            "c:\\program files\\microsoft visual studio\\2022\\community\\vc\\tools\\msvc\\14.39.33519\\include\\tuple",
            "c:\\program files\\microsoft visual studio\\2022\\community\\vc\\tools\\msvc\\14.39.33519\\include\\atomic",
            "c:\\program files\\microsoft visual studio\\2022\\community\\vc\\tools\\msvc\\14.39.33519\\include\\xatomic_wait.h",
            "c:\\program files\\microsoft visual studio\\2022\\community\\vc\\tools\\msvc\\14.39.33519\\include\\xthreads.h",
            "c:\\program files (x86)\\windows kits\\10\\include\\10.0.22621.0\\ucrt\\process.h",
            "c:\\program files (x86)\\windows kits\\10\\include\\10.0.22621.0\\ucrt\\corecrt_startup.h",
            "c:\\program files (x86)\\windows kits\\10\\include\\10.0.22621.0\\ucrt\\math.h",
            "c:\\program files\\microsoft visual studio\\2022\\community\\vc\\tools\\msvc\\14.39.33519\\include\\vcruntime_startup.h",
            "c:\\program files\\microsoft visual studio\\2022\\community\\vc\\tools\\msvc\\14.39.33519\\include\\string",
            "c:\\program files\\microsoft visual studio\\2022\\community\\vc\\tools\\msvc\\14.39.33519\\include\\xstring",
            "c:\\program files\\microsoft visual studio\\2022\\community\\vc\\tools\\msvc\\14.39.33519\\include\\__msvc_sanitizer_annotate_container.hpp",
            "c:\\program files\\microsoft visual studio\\2022\\community\\vc\\tools\\msvc\\14.39.33519\\include\\xpolymorphic_allocator.h",
            "c:\\program files\\microsoft visual studio\\2022\\community\\vc\\tools\\msvc\\14.39.33519\\include\\cctype",
            "c:\\program files\\microsoft visual studio\\2022\\community\\vc\\tools\\msvc\\14.39.33519\\include\\stop_token",
            "c:\\program files\\microsoft visual studio\\2022\\community\\vc\\tools\\msvc\\14.39.33519\\include\\format",
            "c:\\program files\\microsoft visual studio\\2022\\community\\vc\\tools\\msvc\\14.39.33519\\include\\__msvc_format_ucd_tables.hpp",
            "c:\\program files\\microsoft visual studio\\2022\\community\\vc\\tools\\msvc\\14.39.33519\\include\\__msvc_print.hpp",
            "c:\\program files\\microsoft visual studio\\2022\\community\\vc\\tools\\msvc\\14.39.33519\\include\\xfilesystem_abi.h",
            "c:\\program files\\microsoft visual studio\\2022\\community\\vc\\tools\\msvc\\14.39.33519\\include\\bit",
            "c:\\program files\\microsoft visual studio\\2022\\community\\vc\\tools\\msvc\\14.39.33519\\include\\__msvc_bit_utils.hpp",
            "c:\\program files\\microsoft visual studio\\2022\\community\\vc\\tools\\msvc\\14.39.33519\\include\\charconv",
            "c:\\program files\\microsoft visual studio\\2022\\community\\vc\\tools\\msvc\\14.39.33519\\include\\xbit_ops.h",
            "c:\\program files\\microsoft visual studio\\2022\\community\\vc\\tools\\msvc\\14.39.33519\\include\\xcharconv.h",
            "c:\\program files\\microsoft visual studio\\2022\\community\\vc\\tools\\msvc\\14.39.33519\\include\\xerrc.h",
            "c:\\program files\\microsoft visual studio\\2022\\community\\vc\\tools\\msvc\\14.39.33519\\include\\xcharconv_ryu.h",
            "c:\\program files\\microsoft visual studio\\2022\\community\\vc\\tools\\msvc\\14.39.33519\\include\\xcharconv_ryu_tables.h",
            "c:\\program files\\microsoft visual studio\\2022\\community\\vc\\tools\\msvc\\14.39.33519\\include\\xcharconv_tables.h",
            "c:\\program files\\microsoft visual studio\\2022\\community\\vc\\tools\\msvc\\14.39.33519\\include\\iterator",
            "c:\\program files\\microsoft visual studio\\2022\\community\\vc\\tools\\msvc\\14.39.33519\\include\\locale",
            "c:\\program files\\microsoft visual studio\\2022\\community\\vc\\tools\\msvc\\14.39.33519\\include\\xlocbuf",
            "c:\\program files\\microsoft visual studio\\2022\\community\\vc\\tools\\msvc\\14.39.33519\\include\\streambuf",
            "c:\\program files\\microsoft visual studio\\2022\\community\\vc\\tools\\msvc\\14.39.33519\\include\\xiosbase",
            "c:\\program files (x86)\\windows kits\\10\\include\\10.0.22621.0\\ucrt\\share.h",
            "c:\\program files\\microsoft visual studio\\2022\\community\\vc\\tools\\msvc\\14.39.33519\\include\\system_error",
            "c:\\program files\\microsoft visual studio\\2022\\community\\vc\\tools\\msvc\\14.39.33519\\include\\__msvc_system_error_abi.hpp",
            "c:\\program files\\microsoft visual studio\\2022\\community\\vc\\tools\\msvc\\14.39.33519\\include\\cerrno",
            "c:\\program files\\microsoft visual studio\\2022\\community\\vc\\tools\\msvc\\14.39.33519\\include\\stdexcept",
            "c:\\program files\\microsoft visual studio\\2022\\community\\vc\\tools\\msvc\\14.39.33519\\include\\xcall_once.h",
            "c:\\program files\\microsoft visual studio\\2022\\community\\vc\\tools\\msvc\\14.39.33519\\include\\xlocale",
            "c:\\program files\\microsoft visual studio\\2022\\community\\vc\\tools\\msvc\\14.39.33519\\include\\xfacet",
            "c:\\program files\\microsoft visual studio\\2022\\community\\vc\\tools\\msvc\\14.39.33519\\include\\xlocinfo",
            "c:\\program files\\microsoft visual studio\\2022\\community\\vc\\tools\\msvc\\14.39.33519\\include\\__msvc_xlocinfo_types.hpp",
            "c:\\program files\\microsoft visual studio\\2022\\community\\vc\\tools\\msvc\\14.39.33519\\include\\clocale",
            "c:\\program files (x86)\\windows kits\\10\\include\\10.0.22621.0\\ucrt\\locale.h",
            "c:\\program files\\microsoft visual studio\\2022\\community\\vc\\tools\\msvc\\14.39.33519\\include\\xlocmes",
            "c:\\program files\\microsoft visual studio\\2022\\community\\vc\\tools\\msvc\\14.39.33519\\include\\xlocmon",
            "c:\\program files\\microsoft visual studio\\2022\\community\\vc\\tools\\msvc\\14.39.33519\\include\\xlocnum",
            "c:\\program files\\microsoft visual studio\\2022\\community\\vc\\tools\\msvc\\14.39.33519\\include\\cmath",
            "c:\\program files\\microsoft visual studio\\2022\\community\\vc\\tools\\msvc\\14.39.33519\\include\\xloctime",
            "c:\\program files\\microsoft visual studio\\2022\\community\\vc\\tools\\msvc\\14.39.33519\\include\\iostream",
            "c:\\program files\\microsoft visual studio\\2022\\community\\vc\\tools\\msvc\\14.39.33519\\include\\istream",
            "c:\\program files\\microsoft visual studio\\2022\\community\\vc\\tools\\msvc\\14.39.33519\\include\\ostream",
            "c:\\program files\\microsoft visual studio\\2022\\community\\vc\\tools\\msvc\\14.39.33519\\include\\ios",
            "c:\\program files\\microsoft visual studio\\2022\\community\\vc\\tools\\msvc\\14.39.33519\\include\\__msvc_filebuf.hpp",
            "c:\\users\\robot\\vcpkg\\installed\\x64-windows-static\\include\\minhook.h"
        ],
        "ImportedModules": [],
        "ImportedHeaderUnits": []
    }
}