{
    "version": 1,
    "revision": 0,
    "rules": [
        {
            "primary-output": "internel\\x64\\Release\\ESP.h.obj",
            "outputs": [
                "C:\\Users\\Robot\\Desktop\\hacking\\coding\\internel\\internel\\x64\\Release\\vc143.pdb",
                "internel\\x64\\Release\\",
                "C:\\Users\\Robot\\Desktop\\hacking\\coding\\internel\\internel\\x64\\Release\\ESP.h.ifc"
            ],
            "provides": [
                {
                    "logical-name": "ESP.h",
                    "source-path": "c:\\users\\robot\\desktop\\hacking\\coding\\internel\\esp.h",
                    "lookup-method": "absolute"
                }
            ],
            "requires": []
        }
    ]
}